C_Institution,INSTI,Lat,Long,Historical Advantage,Number
North-West University,NWU,-26.72741,27.88032,Advantaged,70
University of Kwazulu-Natal,UKN,-29.817897,30.942771,Advantaged,142
Rhodes University,RU,-33.314247,26.521828,Advantaged,40
University of Stellenbosch,US,-33.9339861,18.8669428,Advantaged,215
University of Cape Town,UCT,-34.11917,18.455245,Advantaged,379
University of the Witwatersrand,Wits,-26.19105,28.03161,Advantaged,263
University of Pretoria,UP,-25.7542559,28.2321043,Advantaged,138
University of the Free State,UFS,�-29.107376,26.187284,Disadvantaged,6
Nelson Mandela Metropolitan University,NMMU,-34.0094,25.67743,Disadvantaged,6
University of Western Cape,UWC,-33.93323,18.62842,Disadvantaged,17
Medical University of Southern Africa,MUSA,-25.6219,28.0189,Disadvantaged,23
University of Limpopo,UL,-23.8888,29.7386,Disadvantaged,8
